Model,RMSE,MAE,MAPE
Naive,7.975446394533927,5.631211751496799,59.620426792400885
MA-7,6.1358830633320895,4.367315135670003,2516.346818475193
XGBoost,5.723972668586201,4.140653627768109,2205.3722614535627
LightGBM,5.735033621727896,4.142558485241121,2524.9428964526705
